dataset,cycle,r2,rmse
opioid,0,0.6934661220936588,0.6664535157416835
opioid,1,0.6875150932652493,0.6756520340586847
opioid,2,0.6660654515197657,0.7538287186857588
opioid,3,0.7003007994189703,0.5997672254306542
opioid,4,0.6889306290346893,0.6941830715264845
opioid,5,0.6168675223115663,0.7091068365162209
opioid,6,0.7367945156592657,0.626373516162611
opioid,7,0.6879623510198368,0.6809850428277159
opioid,8,0.7017517724287825,0.6636387303053478
opioid,9,0.7242729874977638,0.651519485998811
