dataset,cycle,r2,rmse
opioid,0,0.6693501104053532,0.6998458710900831
opioid,1,0.6677308705151388,0.6660934644514289
opioid,2,0.6814011122194228,0.6707160599552373
opioid,3,0.5774939196538541,0.7742011445714144
opioid,4,0.654158064412327,0.7038237938050453
opioid,5,0.685230896891307,0.625676028597165
opioid,6,0.7563608402279988,0.6151218987697308
opioid,7,0.6345693247278863,0.7673506708600252
opioid,8,0.5385727281481382,0.8845324952049509
opioid,9,0.5828656903243572,0.7550401789512126
