dataset,cycle,r2,rmse
opioid,0,0.6929031032377054,0.6670652813314547
opioid,1,0.6861226985270917,0.6771556725563759
opioid,2,0.6645387617831773,0.7555499394854929
opioid,3,0.7007258136517492,0.5993417987946631
opioid,4,0.6868128693342898,0.696542061867895
opioid,5,0.6194212726240271,0.7067396272670858
opioid,6,0.7346517891527113,0.6289179666217791
opioid,7,0.6862226767886965,0.6828807203139532
opioid,8,0.7018466890530812,0.6635331213618035
opioid,9,0.7274394422092905,0.6477676517364073
